experiment,seed,target_presence,primary_accuracy,macro_f1,off_target_count,valid_ppl,test_ppl,exact_repetition_rate,distinct_1,distinct_2,average_words,parse_failures
B3,42,0.5962962962962963,0.5370370370370371,0.510075129431682,0.7666666666666667,10.397415327296898,10.913360677726338,0.08888888888888889,0.08792710706150342,0.32427184466019415,16.25925925925926,0
B4,42,0.3851851851851852,0.337037037037037,0.3307617094050368,0.837037037037037,7.764329380563488,7.978516067968764,0.4185185185185185,0.08047585724282715,0.23599845500193126,10.585185185185185,1
B9,42,0.4185185185185185,0.37777777777777777,0.36549424636525774,0.8222222222222222,8.006342124897081,8.195872619877086,0.25555555555555554,0.08411517308314462,0.26125487415809995,11.448148148148148,0
B3,43,0.6148148148148148,0.5555555555555556,0.5276213689188292,0.7,10.577954017900792,10.7446941663776,0.14074074074074075,0.0860655737704918,0.3191544212425883,15.362962962962962,0
B4,43,0.37407407407407406,0.32592592592592595,0.3104158262446611,0.9074074074074074,8.08885714285691,8.270893471597299,0.2518518518518518,0.0868883312421581,0.27518848526387935,11.807407407407407,0
B9,43,0.4185185185185185,0.37037037037037035,0.3633365105742025,0.8222222222222222,7.995985418981732,8.233379196161298,0.22592592592592592,0.08456375838926175,0.26789667896678965,11.037037037037036,0
B3,44,0.5370370370370371,0.4925925925925926,0.4689717037239453,0.7666666666666667,10.654368535739886,10.849470363921517,0.13333333333333333,0.08956406869220608,0.31370875995449377,14.018518518518519,0
B4,44,0.4074074074074074,0.3925925925925926,0.3576593670031964,0.7518518518518519,7.93160731737661,8.222653169362346,0.3296296296296296,0.09437751004016064,0.2810810810810811,9.222222222222221,0
B9,44,0.45185185185185184,0.42962962962962964,0.40206313206934197,0.7185185185185186,8.199131306549061,8.42993788105111,0.25555555555555554,0.10115491835921943,0.3181615350290049,9.3,0
