dialogue_id,turn_index,gold_strategy,target_strategy,prompt,gold_target,b4_response,b5_response,b4_match,b5_match,which_better,judge_note,llm_judge_model
157,0,small-talk,elicit-pref,"You are generating the next utterance for a negotiation dialogue in the CaSiNo campsite bargaining task.

Target speaker private profile:
- High priority item: Firewood
  Reason: It is the rainy season where I am traveling, so the abundance of dry firewood to scavenge for is slim.
- Medium priority item: Food
  Reason: Due to the rainy season there has been a disease go through the vegetation in the area, so I would like to be prepared in case the same has happened where I am going.
- Low priority item: Water
  Reason: There is a lot of rain water I can collect and boil down that is safe to drink.

Dialogue history:
(conversation start)

Generate the target speaker's next utterance.
Response:",Hello there! Are you getting excited for your upcoming trip?! I am so very excited to test my skills!,"Hello, what is your highest priority item?","Hello, what are your preferences for the extra supplies?",1,1,tie,两者都直接询问对方的偏好或优先级，符合elicit-pref策略。,deepseek-v4-pro
157,0,small-talk,self-need,"You are generating the next utterance for a negotiation dialogue in the CaSiNo campsite bargaining task.

Target speaker private profile:
- High priority item: Firewood
  Reason: It is the rainy season where I am traveling, so the abundance of dry firewood to scavenge for is slim.
- Medium priority item: Food
  Reason: Due to the rainy season there has been a disease go through the vegetation in the area, so I would like to be prepared in case the same has happened where I am going.
- Low priority item: Water
  Reason: There is a lot of rain water I can collect and boil down that is safe to drink.

Dialogue history:
(conversation start)

Generate the target speaker's next utterance.
Response:",Hello there! Are you getting excited for your upcoming trip?! I am so very excited to test my skills!,"Hello, how are you today?","Hello, I am going to be camping in the rainy season, so I would like to have extra firewood and food.",0,1,b5,B4回复为寒暄，未表达己方需求；B5明确阐述因雨季露营需要更多柴火和食物，符合self-need策略。,deepseek-v4-pro
157,0,small-talk,other-need,"You are generating the next utterance for a negotiation dialogue in the CaSiNo campsite bargaining task.

Target speaker private profile:
- High priority item: Firewood
  Reason: It is the rainy season where I am traveling, so the abundance of dry firewood to scavenge for is slim.
- Medium priority item: Food
  Reason: Due to the rainy season there has been a disease go through the vegetation in the area, so I would like to be prepared in case the same has happened where I am going.
- Low priority item: Water
  Reason: There is a lot of rain water I can collect and boil down that is safe to drink.

Dialogue history:
(conversation start)

Generate the target speaker's next utterance.
Response:",Hello there! Are you getting excited for your upcoming trip?! I am so very excited to test my skills!,"Hello, how are you today?","Hello, I am going to be in the area where it is raining a lot, so I would like to have extra firewood to keep warm.",0,0,tie,B4为寒暄，B5表达己方需求，均未关注或回应对方需求，故均不体现other-need策略。,deepseek-v4-pro
157,0,small-talk,promote-coordination,"You are generating the next utterance for a negotiation dialogue in the CaSiNo campsite bargaining task.

Target speaker private profile:
- High priority item: Firewood
  Reason: It is the rainy season where I am traveling, so the abundance of dry firewood to scavenge for is slim.
- Medium priority item: Food
  Reason: Due to the rainy season there has been a disease go through the vegetation in the area, so I would like to be prepared in case the same has happened where I am going.
- Low priority item: Water
  Reason: There is a lot of rain water I can collect and boil down that is safe to drink.

Dialogue history:
(conversation start)

Generate the target speaker's next utterance.
Response:",Hello there! Are you getting excited for your upcoming trip?! I am so very excited to test my skills!,"Hello, I am looking forward to getting some firewood.","Hello, I would like to have 3 firewood, 2 food, and 1 water.",0,0,tie,两个回复都仅表达了自身需求，没有推动合作或协调。,deepseek-v4-pro
157,0,small-talk,vouch-fair,"You are generating the next utterance for a negotiation dialogue in the CaSiNo campsite bargaining task.

Target speaker private profile:
- High priority item: Firewood
  Reason: It is the rainy season where I am traveling, so the abundance of dry firewood to scavenge for is slim.
- Medium priority item: Food
  Reason: Due to the rainy season there has been a disease go through the vegetation in the area, so I would like to be prepared in case the same has happened where I am going.
- Low priority item: Water
  Reason: There is a lot of rain water I can collect and boil down that is safe to drink.

Dialogue history:
(conversation start)

Generate the target speaker's next utterance.
Response:",Hello there! Are you getting excited for your upcoming trip?! I am so very excited to test my skills!,"Hello, I am looking forward to camping this weekend.","Hello, how are you today?",0,0,tie,两个回复均为寒暄或表达期待，不涉及公平互惠策略。,deepseek-v4-pro
157,1,small-talk,elicit-pref,"You are generating the next utterance for a negotiation dialogue in the CaSiNo campsite bargaining task.

Target speaker private profile:
- High priority item: Firewood
  Reason: It may be used for other people also. So, only I bring additional
- Medium priority item: Food
  Reason: During the trip, food is important. But other people may bring other food package. Hence, I choose this one is medium priority
- Low priority item: Water
  Reason: water is very essential for me. Hence I keep more, then I gave it least priority

Dialogue history:
Partner: Hello there! Are you getting excited for your upcoming trip?! I am so very excited to test my skills!

Generate the target speaker's next utterance.
Response:",Hi friend! I'm very excited to go to the trip,"Yes, I am also excited. What is your most important item?","Yes, I am. What is your most important item?",1,1,tie,两者均直接询问对方最重要物品，符合elicit-pref策略。,deepseek-v4-pro
157,1,small-talk,self-need,"You are generating the next utterance for a negotiation dialogue in the CaSiNo campsite bargaining task.

Target speaker private profile:
- High priority item: Firewood
  Reason: It may be used for other people also. So, only I bring additional
- Medium priority item: Food
  Reason: During the trip, food is important. But other people may bring other food package. Hence, I choose this one is medium priority
- Low priority item: Water
  Reason: water is very essential for me. Hence I keep more, then I gave it least priority

Dialogue history:
Partner: Hello there! Are you getting excited for your upcoming trip?! I am so very excited to test my skills!

Generate the target speaker's next utterance.
Response:",Hi friend! I'm very excited to go to the trip,"Yes, I am also excited. I am planning to go camping with my family.","Yes, I am. I am also excited to test my skills.",0,0,tie,两个回复都只表达兴奋，未涉及己方需求或理由,deepseek-v4-pro
157,1,small-talk,other-need,"You are generating the next utterance for a negotiation dialogue in the CaSiNo campsite bargaining task.

Target speaker private profile:
- High priority item: Firewood
  Reason: It may be used for other people also. So, only I bring additional
- Medium priority item: Food
  Reason: During the trip, food is important. But other people may bring other food package. Hence, I choose this one is medium priority
- Low priority item: Water
  Reason: water is very essential for me. Hence I keep more, then I gave it least priority

Dialogue history:
Partner: Hello there! Are you getting excited for your upcoming trip?! I am so very excited to test my skills!

Generate the target speaker's next utterance.
Response:",Hi friend! I'm very excited to go to the trip,"Yes, I am also excited. I am planning to go with my family.","Yes, I am. I am also excited to test my skills.",0,1,b5,B5直接回应对方测试技能的兴奋点，体现关注对方需求；B4未围绕对方具体需求调整。,deepseek-v4-pro
157,1,small-talk,promote-coordination,"You are generating the next utterance for a negotiation dialogue in the CaSiNo campsite bargaining task.

Target speaker private profile:
- High priority item: Firewood
  Reason: It may be used for other people also. So, only I bring additional
- Medium priority item: Food
  Reason: During the trip, food is important. But other people may bring other food package. Hence, I choose this one is medium priority
- Low priority item: Water
  Reason: water is very essential for me. Hence I keep more, then I gave it least priority

Dialogue history:
Partner: Hello there! Are you getting excited for your upcoming trip?! I am so very excited to test my skills!

Generate the target speaker's next utterance.
Response:",Hi friend! I'm very excited to go to the trip,"Yes, I am also excited. I am planning to go camping with my family.","Yes, I am. I am also excited to test my skills.",0,0,tie,两者均为礼貌性回应，未提出任何合作、协调方案或共同安排，不符合 promote-coordination 策略。,deepseek-v4-pro
157,1,small-talk,vouch-fair,"You are generating the next utterance for a negotiation dialogue in the CaSiNo campsite bargaining task.

Target speaker private profile:
- High priority item: Firewood
  Reason: It may be used for other people also. So, only I bring additional
- Medium priority item: Food
  Reason: During the trip, food is important. But other people may bring other food package. Hence, I choose this one is medium priority
- Low priority item: Water
  Reason: water is very essential for me. Hence I keep more, then I gave it least priority

Dialogue history:
Partner: Hello there! Are you getting excited for your upcoming trip?! I am so very excited to test my skills!

Generate the target speaker's next utterance.
Response:",Hi friend! I'm very excited to go to the trip,"Yes, I am also excited. I am planning to go camping with my family.","Yes, I am also excited.",0,0,tie,两个回复均为寒暄回应，未涉及公平、公正或资源分配内容，不符合目标策略。,deepseek-v4-pro
157,2,small-talk,elicit-pref,"You are generating the next utterance for a negotiation dialogue in the CaSiNo campsite bargaining task.

Target speaker private profile:
- High priority item: Firewood
  Reason: It is the rainy season where I am traveling, so the abundance of dry firewood to scavenge for is slim.
- Medium priority item: Food
  Reason: Due to the rainy season there has been a disease go through the vegetation in the area, so I would like to be prepared in case the same has happened where I am going.
- Low priority item: Water
  Reason: There is a lot of rain water I can collect and boil down that is safe to drink.

Dialogue history:
You: Hello there! Are you getting excited for your upcoming trip?! I am so very excited to test my skills!
Partner: Hi friend! I'm very excited to go to the trip

Generate the target speaker's next utterance.
Response:",Great! Have you checked to see what the weather has been like in the area you are going to??,What is your most needed item for your trip?,What is it that you are looking forward to the most?,1,0,b4,B4直接询问最需要的物品，符合询问需求；B5询问最期待的事情，未直接涉及需求或偏好。,deepseek-v4-pro
157,2,small-talk,self-need,"You are generating the next utterance for a negotiation dialogue in the CaSiNo campsite bargaining task.

Target speaker private profile:
- High priority item: Firewood
  Reason: It is the rainy season where I am traveling, so the abundance of dry firewood to scavenge for is slim.
- Medium priority item: Food
  Reason: Due to the rainy season there has been a disease go through the vegetation in the area, so I would like to be prepared in case the same has happened where I am going.
- Low priority item: Water
  Reason: There is a lot of rain water I can collect and boil down that is safe to drink.

Dialogue history:
You: Hello there! Are you getting excited for your upcoming trip?! I am so very excited to test my skills!
Partner: Hi friend! I'm very excited to go to the trip

Generate the target speaker's next utterance.
Response:",Great! Have you checked to see what the weather has been like in the area you are going to??,"I am so glad to hear that! I am going to be camping in the rainy season, so I am hoping to get some extra supplies.","I am so glad to hear that! I am going to be in the rainy season where I am going, so I would like to have extra firewood and food.",1,1,b5,B5明确提到了具体物品（柴火和食物），更清晰地表达了己方需求，比B4的泛泛“补给”更贴合self-need策略,deepseek-v4-pro
157,2,small-talk,other-need,"You are generating the next utterance for a negotiation dialogue in the CaSiNo campsite bargaining task.

Target speaker private profile:
- High priority item: Firewood
  Reason: It is the rainy season where I am traveling, so the abundance of dry firewood to scavenge for is slim.
- Medium priority item: Food
  Reason: Due to the rainy season there has been a disease go through the vegetation in the area, so I would like to be prepared in case the same has happened where I am going.
- Low priority item: Water
  Reason: There is a lot of rain water I can collect and boil down that is safe to drink.

Dialogue history:
You: Hello there! Are you getting excited for your upcoming trip?! I am so very excited to test my skills!
Partner: Hi friend! I'm very excited to go to the trip

Generate the target speaker's next utterance.
Response:",Great! Have you checked to see what the weather has been like in the area you are going to??,"I am so glad to hear that! I am going to be traveling to a place that is very rainy, so I am hoping to get some extra supplies.","I am so glad to hear that! I am going to be in the area where it is very rainy, so I am going to need a lot of firewood to keep warm at night.",0,0,tie,双方回复均仅表达自身需求（如天气、所需物资），未关注对方兴奋之情或询问对方需求，不符合other-need策略。,deepseek-v4-pro
157,2,small-talk,promote-coordination,"You are generating the next utterance for a negotiation dialogue in the CaSiNo campsite bargaining task.

Target speaker private profile:
- High priority item: Firewood
  Reason: It is the rainy season where I am traveling, so the abundance of dry firewood to scavenge for is slim.
- Medium priority item: Food
  Reason: Due to the rainy season there has been a disease go through the vegetation in the area, so I would like to be prepared in case the same has happened where I am going.
- Low priority item: Water
  Reason: There is a lot of rain water I can collect and boil down that is safe to drink.

Dialogue history:
You: Hello there! Are you getting excited for your upcoming trip?! I am so very excited to test my skills!
Partner: Hi friend! I'm very excited to go to the trip

Generate the target speaker's next utterance.
Response:",Great! Have you checked to see what the weather has been like in the area you are going to??,"I am so glad to hear that! I am going to be traveling to a place that is very rainy, so I am hoping to get some extra supplies.",I am so glad to hear that! I am hoping to get some extra firewood and food for my trip.,0,0,tie,两个回复均只表达自身需求，未推动合作协调，均不符合目标策略,deepseek-v4-pro
157,2,small-talk,vouch-fair,"You are generating the next utterance for a negotiation dialogue in the CaSiNo campsite bargaining task.

Target speaker private profile:
- High priority item: Firewood
  Reason: It is the rainy season where I am traveling, so the abundance of dry firewood to scavenge for is slim.
- Medium priority item: Food
  Reason: Due to the rainy season there has been a disease go through the vegetation in the area, so I would like to be prepared in case the same has happened where I am going.
- Low priority item: Water
  Reason: There is a lot of rain water I can collect and boil down that is safe to drink.

Dialogue history:
You: Hello there! Are you getting excited for your upcoming trip?! I am so very excited to test my skills!
Partner: Hi friend! I'm very excited to go to the trip

Generate the target speaker's next utterance.
Response:",Great! Have you checked to see what the weather has been like in the area you are going to??,"I am so glad to hear that! I am going to be camping in the rainy season, so I am hoping to get some extra firewood and food.","I am so glad to hear that! I am so looking forward to this trip, I have been planning it for so long!",0,0,tie,B4只表达了自身需求，未强调公平或互惠；B5仅为寒暄，均未体现vouch-fair策略。,deepseek-v4-pro
157,3,small-talk,elicit-pref,"You are generating the next utterance for a negotiation dialogue in the CaSiNo campsite bargaining task.

Target speaker private profile:
- High priority item: Firewood
  Reason: It may be used for other people also. So, only I bring additional
- Medium priority item: Food
  Reason: During the trip, food is important. But other people may bring other food package. Hence, I choose this one is medium priority
- Low priority item: Water
  Reason: water is very essential for me. Hence I keep more, then I gave it least priority

Dialogue history:
Partner: Hello there! Are you getting excited for your upcoming trip?! I am so very excited to test my skills!
You: Hi friend! I'm very excited to go to the trip
Partner: Great! Have you checked to see what the weather has been like in the area you are going to??

Generate the target speaker's next utterance.
Response:",Definitely I will checked. I m eager to prepare each & every things for the trip,"Yes, I have checked the weather. It is very cold.","Yes, I have checked the weather. It is very hot.",0,0,tie,两个回复都仅回答天气问题，没有询问对方偏好、需求或优先级，均不符合目标策略。,deepseek-v4-pro
157,3,small-talk,self-need,"You are generating the next utterance for a negotiation dialogue in the CaSiNo campsite bargaining task.

Target speaker private profile:
- High priority item: Firewood
  Reason: It may be used for other people also. So, only I bring additional
- Medium priority item: Food
  Reason: During the trip, food is important. But other people may bring other food package. Hence, I choose this one is medium priority
- Low priority item: Water
  Reason: water is very essential for me. Hence I keep more, then I gave it least priority

Dialogue history:
Partner: Hello there! Are you getting excited for your upcoming trip?! I am so very excited to test my skills!
You: Hi friend! I'm very excited to go to the trip
Partner: Great! Have you checked to see what the weather has been like in the area you are going to??

Generate the target speaker's next utterance.
Response:",Definitely I will checked. I m eager to prepare each & every things for the trip,"Yes, I have checked. It is very cold.",I have not. But I will check it.,0,0,tie,B4和B5均仅回应天气，未表达任何自身需求、优先级或理由，不符合self-need策略。,deepseek-v4-pro
157,3,small-talk,other-need,"You are generating the next utterance for a negotiation dialogue in the CaSiNo campsite bargaining task.

Target speaker private profile:
- High priority item: Firewood
  Reason: It may be used for other people also. So, only I bring additional
- Medium priority item: Food
  Reason: During the trip, food is important. But other people may bring other food package. Hence, I choose this one is medium priority
- Low priority item: Water
  Reason: water is very essential for me. Hence I keep more, then I gave it least priority

Dialogue history:
Partner: Hello there! Are you getting excited for your upcoming trip?! I am so very excited to test my skills!
You: Hi friend! I'm very excited to go to the trip
Partner: Great! Have you checked to see what the weather has been like in the area you are going to??

Generate the target speaker's next utterance.
Response:",Definitely I will checked. I m eager to prepare each & every things for the trip,"Yes, I have checked. It is very cold.","I have checked the weather. It is very hot. Hence, I need more water",0,0,tie,B4和B5均未关注或回应对方需求，B4仅陈述天气，B5仅表达自身需求，均未调整方案以符合对方需求。,deepseek-v4-pro
157,3,small-talk,promote-coordination,"You are generating the next utterance for a negotiation dialogue in the CaSiNo campsite bargaining task.

Target speaker private profile:
- High priority item: Firewood
  Reason: It may be used for other people also. So, only I bring additional
- Medium priority item: Food
  Reason: During the trip, food is important. But other people may bring other food package. Hence, I choose this one is medium priority
- Low priority item: Water
  Reason: water is very essential for me. Hence I keep more, then I gave it least priority

Dialogue history:
Partner: Hello there! Are you getting excited for your upcoming trip?! I am so very excited to test my skills!
You: Hi friend! I'm very excited to go to the trip
Partner: Great! Have you checked to see what the weather has been like in the area you are going to??

Generate the target speaker's next utterance.
Response:",Definitely I will checked. I m eager to prepare each & every things for the trip,"Yes, I have checked. It is very cold.","Yes, I have checked the weather. It is very hot.",0,0,tie,两者均仅回应天气，未体现推动合作或协调的策略,deepseek-v4-pro
157,3,small-talk,vouch-fair,"You are generating the next utterance for a negotiation dialogue in the CaSiNo campsite bargaining task.

Target speaker private profile:
- High priority item: Firewood
  Reason: It may be used for other people also. So, only I bring additional
- Medium priority item: Food
  Reason: During the trip, food is important. But other people may bring other food package. Hence, I choose this one is medium priority
- Low priority item: Water
  Reason: water is very essential for me. Hence I keep more, then I gave it least priority

Dialogue history:
Partner: Hello there! Are you getting excited for your upcoming trip?! I am so very excited to test my skills!
You: Hi friend! I'm very excited to go to the trip
Partner: Great! Have you checked to see what the weather has been like in the area you are going to??

Generate the target speaker's next utterance.
Response:",Definitely I will checked. I m eager to prepare each & every things for the trip,"Yes, I have checked. It is very cold.","Yes, I have checked the weather. It is very hot.",0,0,tie,两个回复均仅回应天气，属于small talk，未涉及公平、合理分配等vouch-fair策略。,deepseek-v4-pro
157,4,self-need,elicit-pref,"You are generating the next utterance for a negotiation dialogue in the CaSiNo campsite bargaining task.

Target speaker private profile:
- High priority item: Firewood
  Reason: It is the rainy season where I am traveling, so the abundance of dry firewood to scavenge for is slim.
- Medium priority item: Food
  Reason: Due to the rainy season there has been a disease go through the vegetation in the area, so I would like to be prepared in case the same has happened where I am going.
- Low priority item: Water
  Reason: There is a lot of rain water I can collect and boil down that is safe to drink.

Dialogue history:
You: Hello there! Are you getting excited for your upcoming trip?! I am so very excited to test my skills!
Partner: Hi friend! I'm very excited to go to the trip
You: Great! Have you checked to see what the weather has been like in the area you are going to??
Partner: Definitely I will checked. I m eager to prepare each & every things for the trip

Generate the target speaker's next utterance.
Response:",I have checked and see that it is in the rainy season! I know I need to pack some extra firewood if you can spare me some??,That is great! I am also very excited to see what I can scavenge for in the area I am going to.,Great! What is your most needed item for your trip?,0,1,b5,B4仅表达自身兴奋，未询问偏好；B5直接询问对方最需要的物品，符合询问偏好策略。,deepseek-v4-pro
157,4,self-need,self-need,"You are generating the next utterance for a negotiation dialogue in the CaSiNo campsite bargaining task.

Target speaker private profile:
- High priority item: Firewood
  Reason: It is the rainy season where I am traveling, so the abundance of dry firewood to scavenge for is slim.
- Medium priority item: Food
  Reason: Due to the rainy season there has been a disease go through the vegetation in the area, so I would like to be prepared in case the same has happened where I am going.
- Low priority item: Water
  Reason: There is a lot of rain water I can collect and boil down that is safe to drink.

Dialogue history:
You: Hello there! Are you getting excited for your upcoming trip?! I am so very excited to test my skills!
Partner: Hi friend! I'm very excited to go to the trip
You: Great! Have you checked to see what the weather has been like in the area you are going to??
Partner: Definitely I will checked. I m eager to prepare each & every things for the trip

Generate the target speaker's next utterance.
Response:",I have checked and see that it is in the rainy season! I know I need to pack some extra firewood if you can spare me some??,That is great! I am in the process of gathering supplies for my trip as well. I am in the process of gathering firewood and food.,"I am also checking the weather, but I am worried about the rainy season. I have heard that there is a disease that has been going through the vegetation in the area I am going to.",1,1,b5,B5 明确表达了困难（雨季、疾病）和理由，更充分地体现了 self-need；B4 仅提及收集物资，需求表达较弱。,deepseek-v4-pro
157,4,self-need,other-need,"You are generating the next utterance for a negotiation dialogue in the CaSiNo campsite bargaining task.

Target speaker private profile:
- High priority item: Firewood
  Reason: It is the rainy season where I am traveling, so the abundance of dry firewood to scavenge for is slim.
- Medium priority item: Food
  Reason: Due to the rainy season there has been a disease go through the vegetation in the area, so I would like to be prepared in case the same has happened where I am going.
- Low priority item: Water
  Reason: There is a lot of rain water I can collect and boil down that is safe to drink.

Dialogue history:
You: Hello there! Are you getting excited for your upcoming trip?! I am so very excited to test my skills!
Partner: Hi friend! I'm very excited to go to the trip
You: Great! Have you checked to see what the weather has been like in the area you are going to??
Partner: Definitely I will checked. I m eager to prepare each & every things for the trip

Generate the target speaker's next utterance.
Response:",I have checked and see that it is in the rainy season! I know I need to pack some extra firewood if you can spare me some??,"That is great! I am in the process of gathering supplies for my trip. I am in the process of gathering firewood, but I am worried that I may not have enough.","I am also checking the weather, but I am worried about the firewood. I am going to a place where it is very rainy, so I am worried about not having enough firewood to keep",0,0,tie,两者均只表达己方担忧，未关注或回应对方需求,deepseek-v4-pro
157,4,self-need,promote-coordination,"You are generating the next utterance for a negotiation dialogue in the CaSiNo campsite bargaining task.

Target speaker private profile:
- High priority item: Firewood
  Reason: It is the rainy season where I am traveling, so the abundance of dry firewood to scavenge for is slim.
- Medium priority item: Food
  Reason: Due to the rainy season there has been a disease go through the vegetation in the area, so I would like to be prepared in case the same has happened where I am going.
- Low priority item: Water
  Reason: There is a lot of rain water I can collect and boil down that is safe to drink.

Dialogue history:
You: Hello there! Are you getting excited for your upcoming trip?! I am so very excited to test my skills!
Partner: Hi friend! I'm very excited to go to the trip
You: Great! Have you checked to see what the weather has been like in the area you are going to??
Partner: Definitely I will checked. I m eager to prepare each & every things for the trip

Generate the target speaker's next utterance.
Response:",I have checked and see that it is in the rainy season! I know I need to pack some extra firewood if you can spare me some??,That is great! I am also very excited to see what I can scavenge for!,I am sure you are! I am sure you will be prepared! I am sure you will be prepared! I am sure you will be prepared!,0,0,tie,B4表达了对旅行的兴奋，B5是重复的鼓励，两者均未提出双方可接受的合作方案，不符合promote-coordination策略。,deepseek-v4-pro
157,4,self-need,vouch-fair,"You are generating the next utterance for a negotiation dialogue in the CaSiNo campsite bargaining task.

Target speaker private profile:
- High priority item: Firewood
  Reason: It is the rainy season where I am traveling, so the abundance of dry firewood to scavenge for is slim.
- Medium priority item: Food
  Reason: Due to the rainy season there has been a disease go through the vegetation in the area, so I would like to be prepared in case the same has happened where I am going.
- Low priority item: Water
  Reason: There is a lot of rain water I can collect and boil down that is safe to drink.

Dialogue history:
You: Hello there! Are you getting excited for your upcoming trip?! I am so very excited to test my skills!
Partner: Hi friend! I'm very excited to go to the trip
You: Great! Have you checked to see what the weather has been like in the area you are going to??
Partner: Definitely I will checked. I m eager to prepare each & every things for the trip

Generate the target speaker's next utterance.
Response:",I have checked and see that it is in the rainy season! I know I need to pack some extra firewood if you can spare me some??,That is great! I am also very excited to see what I can scavenge for in the area I am going to.,Great! I am also doing that. I have been checking the weather and I have been told that it is going to be very rainy.,0,0,tie,两回复均未体现公平公正或均衡分配策略，仅为闲聊或自我表达。,deepseek-v4-pro
